City_ID,City,Lat,Lng,Max Temp,Humidity,Cloudiness,Wind Speed,Country,Date
0,Albany,42.6001,-73.9662,88.43,47,93,5.91,US,2022-08-01 18:41:40
1,Hobart,-42.8794,147.3294,46.26,79,24,19.57,AU,2022-08-01 18:40:44
2,Qaanaaq,77.484,-69.3632,48.06,57,35,1.23,GL,2022-08-01 18:41:42
3,Georgetown,5.4112,100.3354,82.33,91,20,4.61,MY,2022-08-01 18:41:14
4,Barrow,71.2906,-156.7887,41.05,73,17,12.26,US,2022-08-01 18:41:43
5,Vaini,-21.2,-175.2,73.56,100,40,0.0,TO,2022-08-01 18:41:35
6,Souillac,-20.5167,57.5167,66.58,100,75,3.44,MU,2022-08-01 18:41:44
7,Port Hardy,50.6996,-127.4199,62.78,72,75,16.11,CA,2022-08-01 18:41:45
8,Forbes,-33.3833,148.0167,37.92,86,0,2.71,AU,2022-08-01 18:41:46
9,Araceli,10.5529,119.9913,80.56,81,100,4.76,PH,2022-08-01 18:41:54
10,Castro,-24.7911,-50.0119,68.45,53,11,5.12,BR,2022-08-01 18:41:55
11,Aswan,24.0934,32.907,101.5,14,0,10.36,EG,2022-08-01 18:41:56
12,Linxia,35.6003,103.2064,64.4,81,38,4.05,CN,2022-08-01 18:41:57
13,Suntar,62.1444,117.6319,60.67,98,56,6.85,RU,2022-08-01 18:41:57
14,Oktyabrskoye,43.0645,44.7417,77.14,50,9,8.95,RU,2022-08-01 18:41:58
15,Faanui,-16.4833,-151.75,77.88,70,48,25.72,PF,2022-08-01 18:42:00
16,Cape Town,-33.9258,18.4232,56.91,78,0,8.01,ZA,2022-08-01 18:37:40
17,San Patricio,28.017,-97.5169,95.16,42,55,16.96,US,2022-08-01 18:42:05
18,Jalu,29.0331,21.5482,89.49,27,0,13.27,LY,2022-08-01 18:42:06
19,Kahului,20.8947,-156.47,80.83,76,40,13.8,US,2022-08-01 18:42:07
20,Galle,6.0367,80.217,78.3,82,100,19.57,LK,2022-08-01 18:42:08
21,Punta Arenas,-53.15,-70.9167,48.31,66,75,27.63,CL,2022-08-01 18:42:08
22,Ushuaia,-54.8,-68.3,46.02,81,20,6.91,AR,2022-08-01 18:40:27
23,Mandalgovi,45.7625,106.2708,66.94,63,0,9.53,MN,2022-08-01 18:40:18
24,Braco Do Norte,-28.275,-49.1656,68.52,50,0,3.98,BR,2022-08-01 18:42:10
25,Zharkent,44.1628,80.0,70.41,44,100,4.59,KZ,2022-08-01 18:41:18
26,Upernavik,72.7868,-56.1549,46.62,59,100,7.11,GL,2022-08-01 18:42:16
27,Srednekolymsk,67.45,153.6833,65.7,72,100,6.93,RU,2022-08-01 18:42:17
28,Hasaki,35.7333,140.8333,81.28,88,100,4.18,JP,2022-08-01 18:41:46
29,Jamestown,42.097,-79.2353,80.71,58,100,13.8,US,2022-08-01 18:38:28
30,Rikitea,-23.1203,-134.9692,72.66,73,100,23.96,PF,2022-08-01 18:42:35
31,Ribeira Grande,38.5167,-28.7,77.4,73,40,9.22,PT,2022-08-01 18:42:39
32,Mapiri,-15.25,-68.1667,80.82,51,100,4.29,BO,2022-08-01 18:42:40
33,Puerto Carreno,6.189,-67.4859,87.78,66,40,4.61,CO,2022-08-01 18:42:45
34,Busselton,-33.65,115.3333,52.81,77,100,34.9,AU,2022-08-01 18:42:47
35,Puerto Escondido,15.85,-97.0667,88.63,58,40,6.91,MX,2022-08-01 18:42:48
36,Ossora,59.2353,163.0719,54.64,79,100,2.28,RU,2022-08-01 18:42:49
37,Norman Wells,65.282,-126.8329,66.24,52,40,5.75,CA,2022-08-01 18:41:37
38,Northam,51.0333,-4.2167,68.4,87,100,13.73,GB,2022-08-01 18:42:55
39,Mataura,-46.1927,168.8643,44.47,81,93,6.31,NZ,2022-08-01 18:42:56
40,Kapaa,22.0752,-159.319,80.58,78,100,18.41,US,2022-08-01 18:42:57
41,Tiksi,71.6872,128.8694,40.66,92,100,3.42,RU,2022-08-01 18:42:57
42,Iqaluit,63.7506,-68.5145,53.33,81,75,5.75,CA,2022-08-01 18:42:58
43,Port-Gentil,-0.7193,8.7815,75.16,78,40,12.66,GA,2022-08-01 18:42:59
44,Gazanjyk,39.2446,55.5154,92.08,28,0,3.24,TM,2022-08-01 18:42:59
45,Hami,42.8,93.45,83.23,29,6,8.21,CN,2022-08-01 18:39:12
46,Hermanus,-34.4187,19.2345,49.8,78,0,10.69,ZA,2022-08-01 18:44:00
47,Hilo,19.7297,-155.09,76.62,83,100,9.22,US,2022-08-01 18:43:39
48,Chiredzi,-21.05,31.6667,64.18,79,100,10.78,ZW,2022-08-01 18:44:04
49,Kavieng,-2.5744,150.7967,80.46,83,100,14.76,PG,2022-08-01 18:44:04
50,Podhum,43.7231,17.0011,70.09,62,0,7.29,BA,2022-08-01 18:44:05
51,Nazca,-14.8333,-74.95,78.21,31,71,6.71,PE,2022-08-01 18:44:06
52,Dubreka,9.7911,-13.5233,80.67,91,100,5.5,GN,2022-08-01 18:44:07
53,Esperance,-33.8667,121.9,56.39,72,38,27.47,AU,2022-08-01 18:44:07
54,Dzaoudzi,-12.7887,45.2699,75.09,83,75,8.05,YT,2022-08-01 18:44:08
55,Bluff,-46.6,168.3333,44.8,90,76,19.06,NZ,2022-08-01 18:44:09
56,Port Alfred,-33.5906,26.891,56.44,65,75,8.88,ZA,2022-08-01 18:44:11
57,Ponta Do Sol,32.6667,-17.1,77.72,77,1,4.56,PT,2022-08-01 18:44:11
58,Ritchie,-29.038,24.6028,52.81,44,38,11.56,ZA,2022-08-01 18:44:12
59,Airai,-8.9266,125.4092,54.97,93,93,2.35,TL,2022-08-01 18:44:13
60,Kalakamati,-20.5929,27.3121,58.42,59,0,17.36,BW,2022-08-01 18:44:13
61,Ningbo,29.8782,121.5495,80.58,89,0,4.47,CN,2022-08-01 18:44:14
62,Spornoye,50.8448,37.2913,69.55,56,78,13.69,RU,2022-08-01 18:44:15
63,Bredasdorp,-34.5322,20.0403,46.27,84,0,2.93,ZA,2022-08-01 18:44:16
64,Ahipara,-35.1667,173.1667,48.27,86,99,4.54,NZ,2022-08-01 18:43:45
65,Avarua,-21.2078,-159.775,75.25,73,40,12.66,CK,2022-08-01 18:41:36
66,Huarmey,-10.0681,-78.1522,68.59,72,10,11.52,PE,2022-08-01 18:44:18
67,Puerto Ayora,-0.7393,-90.3518,82.36,89,73,11.01,EC,2022-08-01 18:44:19
68,La Reforma,25.0833,-108.05,91.09,59,12,9.64,MX,2022-08-01 18:44:19
69,Taft,31.7471,54.2088,85.95,25,40,0.0,IR,2022-08-01 18:44:20
70,Margate,51.3813,1.3862,70.88,81,100,5.01,GB,2022-08-01 18:44:21
71,Kodiak,57.79,-152.4072,58.51,77,75,9.22,US,2022-08-01 18:41:43
72,Gombong,-7.6072,109.5142,73.47,94,78,1.81,ID,2022-08-01 18:44:22
73,Henties Bay,-22.116,14.2845,54.09,83,0,4.74,NA,2022-08-01 18:44:23
74,Purpe,64.4803,76.6897,50.58,68,5,11.1,RU,2022-08-01 18:44:24
75,Geraldton,-28.7667,114.6,57.61,82,75,28.77,AU,2022-08-01 18:44:24
76,East London,-33.0153,27.9116,56.34,71,0,5.75,ZA,2022-08-01 18:42:06
77,Blackwater,-23.5833,148.8833,58.41,90,100,7.78,AU,2022-08-01 18:44:26
78,Hovd,48.0056,91.6419,64.47,42,64,5.17,MN,2022-08-01 18:44:27
79,Kaitangata,-46.2817,169.8464,41.74,87,10,5.61,NZ,2022-08-01 18:44:28
80,Severo-Kurilsk,50.6789,156.125,52.03,86,3,5.03,RU,2022-08-01 18:44:29
81,Troitsko-Pechorsk,62.7084,56.1964,58.93,66,100,4.79,RU,2022-08-01 18:44:31
82,San Cristobal,7.7669,-72.225,77.18,82,100,6.06,VE,2022-08-01 18:44:32
83,Husavik,66.0449,-17.3389,42.49,93,100,8.19,IS,2022-08-01 18:44:23
84,Cidreira,-30.1811,-50.2056,64.53,69,6,3.18,BR,2022-08-01 18:44:34
85,New Norfolk,-42.7826,147.0587,45.9,81,71,4.0,AU,2022-08-01 18:40:20
86,Fez,34.0372,-4.9998,104.25,13,20,12.66,MA,2022-08-01 18:44:37
87,Beloha,-25.1667,45.05,65.52,81,77,11.72,MG,2022-08-01 18:44:39
88,Acapulco,16.8634,-99.8901,87.62,58,75,12.66,MX,2022-08-01 18:44:40
89,Torbay,47.6666,-52.7314,81.37,58,75,10.36,CA,2022-08-01 18:42:40
90,Saint-Philippe,-21.3585,55.7679,67.59,73,3,4.03,RE,2022-08-01 18:45:42
91,Ushtobe,45.2514,77.9838,69.6,63,89,7.74,KZ,2022-08-01 18:45:45
92,Saskylakh,71.9167,114.0833,41.72,78,100,10.31,RU,2022-08-01 18:45:45
93,Tromso,69.6496,18.957,57.22,77,0,17.27,NO,2022-08-01 18:45:46
94,Ardabil,38.2498,48.2933,67.32,79,6,1.74,IR,2022-08-01 18:45:47
95,Lebu,-37.6167,-73.65,50.63,70,5,11.68,CL,2022-08-01 18:45:47
96,Port Augusta,-32.5,137.7667,49.68,51,100,12.28,AU,2022-08-01 18:41:01
97,Issia,6.4922,-6.5856,69.53,98,100,4.47,CI,2022-08-01 18:45:49
98,Yellowknife,62.456,-114.3525,66.56,42,75,3.44,CA,2022-08-01 18:41:26
99,Mahebourg,-20.4081,57.7,66.49,100,75,3.44,MU,2022-08-01 18:45:51
100,Hay River,60.8156,-115.7999,66.18,55,75,10.36,CA,2022-08-01 18:41:03
101,Necochea,-38.5473,-58.7368,61.63,61,11,5.79,AR,2022-08-01 18:42:52
102,Gambela,8.25,34.5833,68.58,99,100,2.06,ET,2022-08-01 18:45:57
103,Vilyuysk,63.7553,121.6247,60.71,98,29,8.66,RU,2022-08-01 18:45:50
104,Gurgaon,28.4667,77.0333,86.25,48,75,4.61,IN,2022-08-01 18:45:00
105,Kalispell,48.1958,-114.3129,92.5,26,0,0.0,US,2022-08-01 18:45:41
106,Stokmarknes,68.5646,14.9108,60.76,88,75,3.44,NO,2022-08-01 18:45:59
107,Libreville,0.3925,9.4537,75.99,78,100,12.01,GA,2022-08-01 18:46:00
108,Rio Gallegos,-51.6226,-69.2181,51.85,43,40,13.8,AR,2022-08-01 18:45:27
109,Puerto Rondon,6.2805,-71.1,72.81,96,100,7.83,CO,2022-08-01 18:46:00
110,Buluang,13.3068,123.3425,76.32,91,99,1.88,PH,2022-08-01 18:46:01
111,Trairi,-3.2778,-39.2689,82.22,66,19,14.41,BR,2022-08-01 18:45:12
112,Serowe,-22.3833,26.7167,58.77,64,90,18.03,BW,2022-08-01 18:46:02
113,Kuybyshevskiy Zaton,55.1593,49.1701,64.94,68,5,8.97,RU,2022-08-01 18:46:03
114,Taylorville,39.5489,-89.2945,88.83,79,0,8.05,US,2022-08-01 18:46:03
115,Arraial Do Cabo,-22.9661,-42.0278,78.76,69,0,16.11,BR,2022-08-01 18:42:11
116,Praia,14.9215,-23.5087,75.74,83,75,8.05,CV,2022-08-01 18:46:06
117,Lulea,65.5842,22.1547,60.87,100,0,9.22,SE,2022-08-01 18:46:07
118,Butaritari,3.0707,172.7902,81.3,78,100,14.23,KI,2022-08-01 18:42:13
119,Hofn,64.2539,-15.2082,51.82,66,75,4.61,IS,2022-08-01 18:41:32
120,Chuy,-33.6971,-53.4616,58.24,83,86,7.2,UY,2022-08-01 18:46:23
121,Kargasok,59.0556,80.8572,50.04,75,0,7.61,RU,2022-08-01 18:44:08
122,Hanzhong,33.0728,107.0303,72.48,86,0,1.36,CN,2022-08-01 18:46:26
123,Kitui,-1.367,38.0106,65.07,67,47,11.25,KE,2022-08-01 18:46:27
124,Tuktoyaktuk,69.4541,-133.0374,53.6,82,40,9.22,CA,2022-08-01 18:43:19
125,Cao Bang,22.6667,106.25,74.41,98,8,0.96,VN,2022-08-01 18:46:29
126,San Vicente,-26.6167,-54.1333,71.28,52,65,3.33,AR,2022-08-01 18:46:30
127,Alvdal,62.1077,10.6307,49.03,74,49,5.7,NO,2022-08-01 18:46:31
128,Chumikan,54.7183,135.315,53.29,99,100,1.45,RU,2022-08-01 18:46:33
129,Nishihara,26.1842,127.7558,80.65,89,75,8.05,JP,2022-08-01 18:46:34
130,Mungwi,-10.1732,31.3694,61.39,42,0,5.3,ZM,2022-08-01 18:46:35
131,Provideniya,64.3833,-173.3,52.25,65,86,1.21,RU,2022-08-01 18:46:36
132,Morehead,37.2711,-87.1764,85.75,70,40,9.22,US,2022-08-01 18:46:36
133,Narsaq,60.9167,-46.05,57.42,72,100,8.77,GL,2022-08-01 18:47:38
134,Atuona,-9.8,-139.0333,77.67,73,34,15.32,PF,2022-08-01 18:44:00
135,De-Kastri,51.4667,140.7833,59.76,88,100,13.91,RU,2022-08-01 18:47:44
136,San Quintin,30.4833,-115.95,78.75,55,85,12.21,MX,2022-08-01 18:46:13
137,San Jeronimo,-11.9472,-75.2829,65.37,37,100,0.96,PE,2022-08-01 18:47:45
138,Lavrentiya,65.5833,-171.0,49.19,70,87,1.5,RU,2022-08-01 18:47:45
139,Houma,29.5958,-90.7195,91.02,69,97,5.01,US,2022-08-01 18:44:41
140,Burley,42.5357,-113.7928,87.76,25,0,3.44,US,2022-08-01 18:46:09
141,Saint-Augustin,51.226,-58.6502,70.25,45,59,7.07,CA,2022-08-01 18:43:11
142,La Macarena,2.1837,-73.7849,80.37,85,28,4.12,CO,2022-08-01 18:48:00
143,Khatanga,71.9667,102.5,44.83,75,100,5.14,RU,2022-08-01 18:48:00
144,Bambous Virieux,-20.3428,57.7575,66.45,100,75,3.44,MU,2022-08-01 18:48:01
145,Bara,10.3744,10.7288,77.43,74,100,11.9,NG,2022-08-01 18:48:03
146,Taoudenni,22.6783,-3.9836,106.99,6,96,3.42,ML,2022-08-01 18:48:04
147,Nanortalik,60.1432,-45.2371,46.87,78,100,2.51,GL,2022-08-01 18:48:06
148,Cherskiy,68.75,161.3,62.73,46,87,21.94,RU,2022-08-01 18:45:32
149,Kasongo-Lunda,-6.4667,16.8167,78.51,34,0,1.74,CD,2022-08-01 18:48:17
150,Meulaboh,4.1363,96.1285,78.57,84,100,4.45,ID,2022-08-01 18:48:18
151,Thompson,55.7435,-97.8558,62.76,55,75,4.61,CA,2022-08-01 18:48:19
152,Victoria,22.2855,114.1577,87.33,79,93,4.0,HK,2022-08-01 18:44:51
153,Port Blair,11.6667,92.75,80.64,89,40,4.61,IN,2022-08-01 18:48:21
154,Tuatapere,-46.1333,167.6833,49.06,96,100,5.61,NZ,2022-08-01 18:48:22
155,Jibuti,11.5,42.5,86.74,38,4,13.15,DJ,2022-08-01 18:46:40
156,Noumea,-22.2763,166.4572,72.0,99,100,7.85,NC,2022-08-01 18:48:24
157,Saint Albans,51.75,-0.3333,77.31,49,100,8.05,GB,2022-08-01 18:45:34
158,Sao Joao Da Barra,-21.6403,-41.0511,80.69,75,0,14.36,BR,2022-08-01 18:48:26
159,Dhadar,28.3305,75.0632,86.81,67,100,9.35,IN,2022-08-01 18:48:27
160,Mar Del Plata,-38.0023,-57.5575,60.82,84,0,8.01,AR,2022-08-01 18:45:28
161,Santa Isabel,-23.3156,-46.2214,81.7,30,11,8.99,BR,2022-08-01 18:48:29
162,Dikson,73.5069,80.5464,41.16,91,100,9.53,RU,2022-08-01 18:48:30
163,Sebastian,35.1668,-94.2669,84.9,42,93,7.09,US,2022-08-01 18:48:31
164,Hithadhoo,-0.6,73.0833,80.73,70,100,13.85,MV,2022-08-01 18:48:32
165,Changli,39.7042,119.1506,75.25,90,0,0.85,CN,2022-08-01 18:48:33
166,Zhob,31.3411,69.4481,75.74,69,0,5.19,PK,2022-08-01 18:48:34
167,Egvekinot,66.3167,-179.1667,52.25,52,2,2.82,RU,2022-08-01 18:46:58
168,Kavaratti,10.5669,72.642,78.89,81,100,27.54,IN,2022-08-01 18:48:36
169,Monywa,22.1167,95.1333,86.0,68,100,4.61,MM,2022-08-01 18:48:37
170,Saint George,37.1041,-113.5841,92.43,41,0,4.0,US,2022-08-01 18:45:10
171,Colchester,51.8892,0.9042,74.32,80,100,10.51,GB,2022-08-01 18:48:40
172,Bethel,41.3712,-73.414,78.44,74,100,5.75,US,2022-08-01 18:46:32
173,San Antonio,29.4241,-98.4936,98.06,43,75,11.5,US,2022-08-01 18:45:29
174,Totness,5.8833,-56.3167,82.94,77,47,8.48,SR,2022-08-01 18:45:49
175,Grover Beach,35.1216,-120.6213,93.33,60,0,0.0,US,2022-08-01 18:48:49
176,Iracoubo,5.4802,-53.2011,83.97,69,44,5.5,GF,2022-08-01 18:48:49
177,Salalah,17.0151,54.0924,77.09,94,75,8.05,OM,2022-08-01 18:48:50
178,Vila Franca Do Campo,37.7167,-25.4333,73.81,76,90,2.53,PT,2022-08-01 18:44:09
179,Port Elizabeth,-33.918,25.5701,46.69,81,0,2.3,ZA,2022-08-01 18:49:52
180,Awbari,26.5921,12.7805,89.08,14,0,4.27,LY,2022-08-01 18:49:53
181,Malibu,34.005,-118.8101,95.85,67,44,8.21,US,2022-08-01 18:45:31
182,Sao Filipe,14.8961,-24.4956,76.19,82,47,9.53,CV,2022-08-01 18:49:54
183,Talnakh,69.4865,88.3972,49.21,69,0,11.36,RU,2022-08-01 18:49:54
184,Fortuna,40.5982,-124.1573,67.93,79,75,4.61,US,2022-08-01 18:49:56
185,Wufeng,27.45,104.8333,60.55,97,100,3.33,CN,2022-08-01 18:49:56
186,Morro Bay,35.3658,-120.8499,93.94,55,28,8.99,US,2022-08-01 18:47:39
187,Jaisalmer,26.9147,70.9181,86.23,71,32,15.66,IN,2022-08-01 18:49:58
188,Qandala,11.472,49.8728,88.63,57,1,6.91,SO,2022-08-01 18:49:59
189,Westport,41.1415,-73.3579,77.14,91,100,4.61,US,2022-08-01 18:45:09
190,Hamilton,39.1834,-84.5333,85.21,67,40,18.41,US,2022-08-01 18:49:03
191,Araguacu,-12.9306,-49.8264,97.18,10,5,2.66,BR,2022-08-01 18:50:01
192,Kakonko,-3.2828,30.9642,69.51,62,58,1.81,TZ,2022-08-01 18:50:01
193,Shimoda,34.6667,138.95,80.1,91,100,11.48,JP,2022-08-01 18:50:02
194,Novo Aripuana,-5.1206,-60.3797,91.89,45,100,2.84,BR,2022-08-01 18:50:03
195,Nikolskoye,59.7035,30.7861,61.88,97,100,10.76,RU,2022-08-01 18:50:05
196,Lincoln,40.8,-96.667,97.27,67,0,1.01,US,2022-08-01 18:46:01
197,Cayenne,4.9333,-52.3333,87.84,34,15,3.0,GF,2022-08-01 18:50:06
198,Imbituba,-28.24,-48.6703,71.85,81,0,5.99,BR,2022-08-01 18:50:07
199,Vila Velha,-20.3297,-40.2925,80.55,75,20,12.66,BR,2022-08-01 18:50:09
200,Buchanan,5.8808,-10.0467,74.43,90,100,12.03,LR,2022-08-01 18:50:09
201,Bilma,18.6853,12.9164,98.31,24,11,8.99,NE,2022-08-01 18:50:10
202,Amapa,1.0,-52.0,81.84,81,62,3.78,BR,2022-08-01 18:50:11
203,Agadez,19.75,10.25,90.25,35,68,21.61,NE,2022-08-01 18:50:12
204,Carnarvon,-24.8667,113.6333,66.9,67,54,23.0,AU,2022-08-01 18:50:13
205,Conceicao Da Barra,-18.5933,-39.7322,75.16,71,68,6.67,BR,2022-08-01 18:48:30
206,Mae Sai,20.4335,99.8762,73.74,99,100,0.72,TH,2022-08-01 18:50:15
207,Miyang,24.4042,103.4428,64.49,98,66,2.75,CN,2022-08-01 18:50:17
208,Isangel,-19.55,169.2667,75.47,86,99,13.13,VU,2022-08-01 18:50:19
209,Labuhan,-6.8844,112.2051,75.52,86,29,7.63,ID,2022-08-01 18:50:20
210,Ucluelet,48.9329,-125.5528,62.1,90,81,1.01,CA,2022-08-01 18:50:20
211,Iquique,-20.2208,-70.1431,62.64,68,2,5.97,CL,2022-08-01 18:48:17
212,Solnechnyy,50.7214,136.6319,65.32,98,100,2.51,RU,2022-08-01 18:50:21
213,Thinadhoo,0.5333,72.9333,81.39,70,90,13.94,MV,2022-08-01 18:50:22
214,Yilan,24.757,121.753,84.06,86,100,4.83,TW,2022-08-01 18:50:23
215,Leh,34.1667,77.5833,57.52,61,2,5.35,IN,2022-08-01 18:50:24
216,Am Timan,11.0297,20.2827,73.33,90,100,3.4,TD,2022-08-01 18:50:26
217,Marsh Harbour,26.5412,-77.0636,83.79,66,43,10.54,BS,2022-08-01 18:48:06
218,Grindavik,63.8424,-22.4338,53.55,62,40,20.71,IS,2022-08-01 18:50:28
219,Puerto Baquerizo Moreno,-0.9,-89.6,74.39,73,40,14.97,EC,2022-08-01 18:50:09
220,Paralimni,35.0375,33.9833,86.49,93,0,4.0,CY,2022-08-01 18:50:29
221,Teknaf,20.8624,92.3058,81.37,84,100,0.49,BD,2022-08-01 18:50:30
222,Bathsheba,13.2167,-59.5167,88.41,82,40,23.02,BB,2022-08-01 18:50:31
223,Rabo De Peixe,37.8,-25.5833,72.91,73,75,4.61,PT,2022-08-01 18:50:32
224,Panaba,21.2833,-88.2667,101.08,33,26,11.23,MX,2022-08-01 18:50:34
225,Namatanai,-3.6667,152.4333,78.12,84,100,8.95,PG,2022-08-01 18:50:35
226,Bengkulu,-3.8004,102.2655,75.47,92,100,3.98,ID,2022-08-01 18:46:41
227,Sitka,57.0531,-135.33,58.89,82,75,9.22,US,2022-08-01 18:51:37
228,Wuda,39.4994,106.7117,81.0,53,23,12.15,CN,2022-08-01 18:46:55
229,Sisimiut,66.9395,-53.6735,49.73,86,100,4.54,GL,2022-08-01 18:51:39
230,Saldus,56.6636,22.4881,57.94,87,3,5.37,LV,2022-08-01 18:51:41
231,Loanda,-8.8368,13.2343,69.8,83,0,12.66,AO,2022-08-01 18:49:13
232,Santa Rosalia,27.3167,-112.2833,89.58,43,0,6.87,MX,2022-08-01 18:51:43
233,Vysokogornyy,50.1167,139.15,62.31,100,100,3.24,RU,2022-08-01 18:51:43
234,Katobu,-4.9408,122.5276,72.81,96,100,4.03,ID,2022-08-01 18:51:45
235,Ust-Kuyga,70.0167,135.6,49.78,90,100,5.86,RU,2022-08-01 18:51:45
236,Oshnaviyeh,37.0397,45.0983,79.16,20,0,10.22,IR,2022-08-01 18:51:46
237,Moose Factory,51.2585,-80.6094,55.4,100,100,9.22,CA,2022-08-01 18:51:48
238,Quchan,37.106,58.5095,70.56,46,14,4.81,IR,2022-08-01 18:51:49
239,Seoul,37.5683,126.9778,79.99,97,100,12.66,KR,2022-08-01 18:47:05
240,Cabedelo,-6.9811,-34.8339,83.07,79,5,17.69,BR,2022-08-01 18:51:52
241,Tasiilaq,65.6145,-37.6368,43.32,64,21,2.24,GL,2022-08-01 18:51:19
242,Iaciara,-14.0958,-46.6317,92.66,17,7,3.33,BR,2022-08-01 18:51:53
243,Rocha,-34.4833,-54.3333,59.27,72,100,6.38,UY,2022-08-01 18:51:54
244,Lamu,-2.2717,40.902,75.42,82,5,16.69,KE,2022-08-01 18:51:55
245,Aksarka,66.5606,67.7975,52.99,72,10,3.98,RU,2022-08-01 18:51:56
246,Saint-Pierre,-21.3393,55.4781,68.92,67,0,6.91,RE,2022-08-01 18:51:57
247,Adelaide,-34.9333,138.6,52.43,63,0,12.66,AU,2022-08-01 18:51:58
248,Sinnamary,5.3833,-52.95,83.86,71,27,5.59,GF,2022-08-01 18:51:59
249,Beringovskiy,63.05,179.3167,52.63,66,23,3.44,RU,2022-08-01 18:52:00
250,Henderson,36.0397,-114.9819,95.32,43,0,6.91,US,2022-08-01 18:50:33
251,Komsomolskiy,40.4272,71.7189,80.01,33,100,4.65,UZ,2022-08-01 18:52:01
252,Chor,25.5167,69.7667,84.72,78,2,15.86,PK,2022-08-01 18:52:02
253,Ardakan,32.31,54.0175,89.64,25,6,9.01,IR,2022-08-01 18:52:03
254,Chokurdakh,70.6333,147.9167,48.72,87,100,10.42,RU,2022-08-01 18:52:04
255,Kruisfontein,-34.0033,24.7314,48.18,75,1,3.96,ZA,2022-08-01 18:52:06
256,Moyale,3.5167,39.0584,71.49,53,100,11.3,KE,2022-08-01 18:52:07
257,Boende,-0.2167,20.8667,75.96,78,93,3.24,CD,2022-08-01 18:52:11
258,Naze,28.3667,129.4833,79.72,85,53,11.63,JP,2022-08-01 18:52:13
259,Kristiansund,63.1115,7.732,57.85,58,20,5.75,NO,2022-08-01 18:52:15
260,Soyo,-6.1349,12.3689,70.45,82,34,11.05,AO,2022-08-01 18:52:16
261,Fort Nelson,58.8053,-122.7002,58.59,94,100,4.61,CA,2022-08-01 18:52:17
262,Jizan,17.3333,42.6667,83.34,51,100,7.92,SA,2022-08-01 18:52:18
263,Aklavik,68.2191,-135.0107,59.74,53,25,3.04,CA,2022-08-01 18:52:19
264,Manggar,-2.8833,108.2667,80.17,84,100,7.78,ID,2022-08-01 18:52:21
265,Peachland,49.7665,-119.7357,95.14,26,62,3.0,CA,2022-08-01 18:52:21
266,Nykoping,58.753,17.0079,66.49,63,0,8.05,SE,2022-08-01 18:52:22
267,Gizo,-8.103,156.8419,81.25,75,12,7.47,SB,2022-08-01 18:52:23
268,Omsukchan,62.5333,155.8,48.52,89,72,7.4,RU,2022-08-01 18:52:24
269,Nome,64.5011,-165.4064,66.27,53,75,8.05,US,2022-08-01 18:52:26
270,Sunland Park,31.7965,-106.58,96.8,26,20,5.01,US,2022-08-01 18:52:27
271,Sterling,39.0062,-77.4286,88.14,62,75,7.0,US,2022-08-01 18:52:28
272,Batticaloa,7.7102,81.6924,80.73,72,100,5.48,LK,2022-08-01 18:52:29
273,Bilibino,68.0546,166.4372,56.23,59,12,3.78,RU,2022-08-01 18:51:20
274,Lasa,46.6166,10.7002,68.88,75,35,0.54,IT,2022-08-01 18:52:30
275,Hirara,24.8,125.2833,83.34,77,100,14.7,JP,2022-08-01 18:52:31
276,Anisoc,1.8658,10.7689,70.16,92,98,4.47,GQ,2022-08-01 18:53:34
277,Assiniboia,49.6334,-105.9845,76.82,50,50,6.91,CA,2022-08-01 18:52:08
278,Bubaque,11.2833,-15.8333,80.08,79,100,17.07,GW,2022-08-01 18:53:36
279,Asau,46.4333,26.4,65.32,91,82,3.15,RO,2022-08-01 18:51:41
280,Broome,42.2506,-75.833,87.19,55,84,4.0,US,2022-08-01 18:53:37
281,Puerto Ayacucho,5.6639,-67.6236,83.55,70,100,3.76,VE,2022-08-01 18:53:39
282,Horodok,49.1637,26.5839,63.95,84,100,10.16,UA,2022-08-01 18:53:40
283,Verkh-Usugli,52.7,115.1667,55.2,94,0,3.04,RU,2022-08-01 18:53:40
284,Lorengau,-2.0226,147.2712,80.89,82,93,12.21,PG,2022-08-01 18:53:41
285,Road Town,18.4167,-64.6167,86.04,79,40,9.22,VG,2022-08-01 18:53:45
286,Dumas,35.8656,-101.9732,88.61,39,40,18.41,US,2022-08-01 18:53:49
287,Forio,40.7342,13.8646,84.49,72,0,11.01,IT,2022-08-01 18:53:51
288,Laguna,38.421,-121.4238,84.02,64,20,4.61,US,2022-08-01 18:51:34
289,Shebalino,51.2917,85.6772,57.02,82,100,4.72,RU,2022-08-01 18:53:51
290,Hualmay,-11.0964,-77.6139,66.69,72,72,12.15,PE,2022-08-01 18:53:52
291,Darnah,32.767,22.6367,79.59,82,0,18.05,LY,2022-08-01 18:53:54
292,La Ronge,55.1001,-105.2842,71.82,53,40,5.75,CA,2022-08-01 18:50:55
293,Namibe,-15.1961,12.1522,60.87,60,93,12.71,AO,2022-08-01 18:53:57
294,Longyearbyen,78.2186,15.6401,53.44,66,75,4.61,SJ,2022-08-01 18:53:59
295,College,64.8569,-147.8028,65.59,75,75,10.36,US,2022-08-01 18:54:01
296,Padang,-0.9492,100.3543,78.78,86,100,3.0,ID,2022-08-01 18:54:03
297,Ierissos,40.4,23.8833,79.29,63,0,4.25,GR,2022-08-01 18:54:04
298,Iralaya,15.0,-83.2333,82.89,83,100,15.28,HN,2022-08-01 18:54:06
299,Pisco,-13.7,-76.2167,64.02,77,75,6.91,PE,2022-08-01 18:54:07
300,Mokobeng,-22.9965,27.6678,60.33,68,80,16.02,BW,2022-08-01 18:54:08
301,Banda Aceh,5.5577,95.3222,79.84,78,100,11.92,ID,2022-08-01 18:54:09
302,Katsuura,35.1333,140.3,79.43,92,100,10.56,JP,2022-08-01 18:54:10
303,Ondjiva,-17.0667,15.7333,59.67,17,14,8.03,AO,2022-08-01 18:54:10
304,Cap Malheureux,-19.9842,57.6142,66.47,89,100,17.4,MU,2022-08-01 18:54:11
305,Gushi,34.6425,109.5843,77.92,69,0,3.29,CN,2022-08-01 18:54:11
306,Petropavlovsk-Kamchatskiy,53.0452,158.6483,46.99,100,40,4.47,RU,2022-08-01 18:54:12
307,Clovis,36.8252,-119.7029,91.83,45,55,1.01,US,2022-08-01 18:54:14
308,Kichera,55.9375,110.0997,55.8,93,3,0.4,RU,2022-08-01 18:54:14
309,Dongying,37.4564,118.4856,78.26,82,0,2.77,CN,2022-08-01 18:54:15
310,Novobirilyussy,56.9514,90.6661,51.08,97,24,4.88,RU,2022-08-01 18:51:59
311,Burnie,-41.0667,145.9167,46.94,79,43,15.23,AU,2022-08-01 18:54:16
312,Ust-Omchug,61.15,149.6333,49.93,98,100,5.41,RU,2022-08-01 18:54:16
313,Saint-Georges,12.0564,-61.7485,89.28,62,20,20.71,GD,2022-08-01 18:54:17
314,Sechura,-5.5569,-80.8222,76.3,58,21,13.56,PE,2022-08-01 18:54:19
315,Winnemucca,40.973,-117.7357,87.85,27,0,3.44,US,2022-08-01 18:54:20
316,Callaway,30.153,-85.5699,91.96,64,20,5.99,US,2022-08-01 18:54:21
317,Vardo,70.3705,31.1107,51.78,93,99,4.61,NO,2022-08-01 18:54:22
318,Borogontsy,62.6683,131.1683,63.72,97,100,5.95,RU,2022-08-01 18:54:23
319,Adrar,20.5022,-10.0711,84.22,48,100,29.35,MR,2022-08-01 18:54:29
320,Clyde River,70.4692,-68.5914,41.23,87,100,14.97,CA,2022-08-01 18:52:00
321,Caravelas,-17.7125,-39.2481,73.8,82,9,6.42,BR,2022-08-01 18:54:31
322,Ponta Delgada,37.7333,-25.6667,74.12,73,75,4.61,PT,2022-08-01 18:51:46
323,Yarada,17.65,83.2667,82.72,83,20,2.3,IN,2022-08-01 18:55:33
324,Puerto Colombia,10.9878,-74.9547,82.49,71,100,8.57,CO,2022-08-01 18:55:04
325,Ipora,-16.4419,-51.1178,90.55,14,0,5.37,BR,2022-08-01 18:55:41
326,Arona,28.0996,-16.681,80.69,65,0,13.8,ES,2022-08-01 18:55:43
327,Mancora,-4.1078,-81.0475,74.61,66,27,10.4,PE,2022-08-01 18:55:43
328,Kahuta,33.5913,73.3868,77.85,76,5,3.56,PK,2022-08-01 18:55:44
329,San Pedro De Macoris,18.4616,-69.2972,92.01,52,21,12.12,DO,2022-08-01 18:54:04
330,Pa Sang,18.5262,98.9394,79.86,95,100,1.16,TH,2022-08-01 18:55:47
331,Provost,52.3501,-110.2683,68.45,60,100,7.2,CA,2022-08-01 18:55:48
332,Tezu,27.9167,96.1667,75.61,97,93,1.83,IN,2022-08-01 18:55:49
333,Normandin,48.8333,-72.5321,82.71,50,100,16.11,CA,2022-08-01 18:55:49
334,Orthez,43.4884,-0.7724,83.68,57,3,11.01,FR,2022-08-01 18:55:50
335,Faya,18.3851,42.4509,63.12,90,100,4.09,SA,2022-08-01 18:55:51
336,Bandarbeyla,9.4942,50.8122,75.94,85,98,30.71,SO,2022-08-01 18:55:52
337,Iskateley,67.6803,53.1512,61.25,97,100,6.4,RU,2022-08-01 18:55:53
338,Klaksvik,62.2266,-6.589,50.92,86,9,13.89,FO,2022-08-01 18:55:55
339,Codrington,-38.2667,141.9667,47.23,95,66,11.48,AU,2022-08-01 18:51:17
340,Mayor Pablo Lagerenza,-19.9309,-60.7718,89.06,32,94,13.98,PY,2022-08-01 18:55:57
341,Vadnagar,23.7833,72.6333,81.45,78,86,9.51,IN,2022-08-01 18:55:57
342,Constitucion,-35.3333,-72.4167,55.42,62,89,11.86,CL,2022-08-01 18:55:58
343,Kanel,15.4916,-13.1763,93.2,55,40,2.3,SN,2022-08-01 18:56:00
344,Hervey Bay,-25.2986,152.8535,58.01,95,100,7.0,AU,2022-08-01 18:56:03
345,Opuwo,-18.0607,13.84,47.93,28,3,7.14,NA,2022-08-01 18:56:06
346,Lagoa,39.05,-27.9833,74.41,71,1,7.96,PT,2022-08-01 18:56:15
347,Wanning,18.8003,110.3967,81.07,80,100,5.57,CN,2022-08-01 18:56:16
348,La Union,-5.4,-80.75,82.65,43,9,12.64,PE,2022-08-01 18:56:17
349,Qaqortoq,60.7167,-46.0333,49.51,74,100,8.5,GL,2022-08-01 18:56:18
350,Sikonge,-5.6333,32.7667,72.63,47,52,5.97,TZ,2022-08-01 18:56:19
351,Sarkand,45.41,79.9186,64.08,64,21,6.33,KZ,2022-08-01 18:56:20
352,Anadyr,64.75,177.4833,55.9,66,0,0.0,RU,2022-08-01 18:56:21
353,Sao Felix Do Xingu,-6.6447,-51.995,95.49,27,99,3.71,BR,2022-08-01 18:56:21
354,Timizart,36.8,4.2667,77.31,51,0,5.28,DZ,2022-08-01 18:56:23
355,Helong,42.5397,128.9972,70.39,95,0,2.71,CN,2022-08-01 18:56:23
356,Luderitz,-26.6481,15.1594,54.07,80,0,7.45,NA,2022-08-01 18:56:24
357,Pudozh,61.8099,36.5345,59.63,70,100,4.79,RU,2022-08-01 18:56:25
358,Hochst,47.4593,9.6405,77.11,57,99,3.44,AT,2022-08-01 18:56:27
359,Pandan,14.0453,124.1694,78.62,87,100,5.35,PH,2022-08-01 18:56:27
360,Olafsvik,64.8945,-23.7142,48.78,76,48,15.75,IS,2022-08-01 18:56:28
361,Ilulissat,69.2167,-51.1,46.8,56,18,2.55,GL,2022-08-01 18:56:28
362,Quatre Cocos,-20.2078,57.7625,66.31,77,94,12.95,MU,2022-08-01 18:56:30
363,Osa,57.2829,55.4567,57.09,72,8,3.65,RU,2022-08-01 18:56:30
364,Cap-Haitien,19.7578,-72.2042,83.91,71,0,17.69,HT,2022-08-01 18:56:31
365,Yatou,37.15,122.3833,76.75,98,92,3.27,CN,2022-08-01 18:56:32
366,Sanandaj,35.3144,46.9923,82.98,14,1,5.79,IR,2022-08-01 18:56:33
367,Sidney,-33.8679,151.2073,46.36,76,0,2.3,AU,2022-08-01 18:53:56
368,Guilin,25.2819,110.2864,78.91,77,6,0.54,CN,2022-08-01 18:51:52
369,Alekseyevka,50.6309,38.6903,70.38,58,21,12.12,RU,2022-08-01 18:56:35
370,Yacuiba,-22.038,-63.6797,83.17,44,0,0.0,BO,2022-08-01 18:57:32
371,Price,39.5994,-110.8107,87.12,33,100,10.29,US,2022-08-01 18:56:32
372,Pevek,69.7008,170.3133,47.68,71,99,20.36,RU,2022-08-01 18:57:37
373,Raha,26.2333,92.5167,76.71,97,100,1.7,IN,2022-08-01 18:57:39
374,Trojes,41.756,19.962,76.57,36,0,8.46,AL,2022-08-01 18:57:39
375,Floriano,-6.7669,-43.0225,96.85,21,6,11.65,BR,2022-08-01 18:57:40
376,Abu Kamal,34.4506,40.9171,99.59,17,0,7.47,SY,2022-08-01 18:57:41
377,Santa Fe,-31.6333,-60.7,75.02,43,63,7.0,AR,2022-08-01 18:57:41
378,Akonolinga,3.7667,12.25,67.69,96,100,2.08,CM,2022-08-01 18:57:42
379,Sulphur,30.2366,-93.3774,95.0,62,40,8.05,US,2022-08-01 18:55:17
380,Ketchikan,55.3422,-131.6461,61.99,77,88,3.15,US,2022-08-01 18:57:43
381,Orange,33.7,-117.7675,96.67,52,63,3.0,US,2022-08-01 18:57:03
382,Shanghai,31.2222,121.4581,84.92,91,0,6.71,CN,2022-08-01 18:57:45
383,Omachi,36.5,137.8667,73.74,89,100,4.21,JP,2022-08-01 18:57:45
384,Fuyu,45.1833,124.8167,73.87,96,38,6.98,CN,2022-08-01 18:57:47
385,Avera,33.194,-82.5271,96.31,30,18,10.47,US,2022-08-01 18:57:48
386,Prince Rupert,54.3161,-130.3201,60.89,85,75,13.8,CA,2022-08-01 18:57:49
387,Coaraci,-14.6408,-39.5511,72.39,86,71,3.06,BR,2022-08-01 18:57:51
388,Antalaha,-14.9003,50.2788,66.7,88,11,7.52,MG,2022-08-01 18:57:52
389,Kodinsk,58.6881,99.1844,61.32,97,91,2.64,RU,2022-08-01 18:57:53
390,Sembakung,3.8167,117.25,74.5,94,100,0.51,ID,2022-08-01 18:57:54
391,Praia Da Vitoria,38.7333,-27.0667,78.76,78,40,4.97,PT,2022-08-01 18:57:54
392,Batagay,67.6333,134.6333,60.93,98,100,3.76,RU,2022-08-01 18:57:55
393,Yar-Sale,66.8333,70.8333,49.96,77,8,2.06,RU,2022-08-01 18:57:57
394,Manacapuru,-3.2997,-60.6206,88.07,53,93,3.56,BR,2022-08-01 18:57:57
395,Nizhnyaya Poyma,56.1622,97.1933,60.42,98,100,4.07,RU,2022-08-01 18:57:58
396,Aljezur,37.3191,-8.8033,71.92,73,5,6.82,PT,2022-08-01 18:57:58
397,Mandan,46.8267,-100.8896,83.41,57,0,16.11,US,2022-08-01 18:57:59
398,Darab,28.7519,54.5444,83.46,58,2,1.52,IR,2022-08-01 18:58:01
399,Mount Isa,-20.7333,139.5,64.17,39,21,5.75,AU,2022-08-01 18:58:02
400,Wuhan,30.5833,114.2667,84.29,67,0,5.57,CN,2022-08-01 18:56:54
401,Krasnoselkup,65.7,82.4667,47.44,72,0,16.17,RU,2022-08-01 18:58:04
402,Khor,47.8861,134.9464,66.94,98,23,5.7,RU,2022-08-01 18:58:05
403,Conde,-7.2597,-34.9075,81.86,61,20,18.41,BR,2022-08-01 18:58:05
404,Picui,-6.5106,-36.3469,79.02,49,68,17.31,BR,2022-08-01 18:58:06
405,Samarai,-10.6167,150.6667,80.85,83,70,14.5,PG,2022-08-01 18:58:07
406,Oudtshoorn,-33.5907,22.2014,44.96,51,2,1.21,ZA,2022-08-01 18:58:08
407,Kununurra,-15.7667,128.7333,57.18,88,5,0.0,AU,2022-08-01 18:56:42
408,Harlingen,26.1906,-97.6961,93.97,35,53,18.48,US,2022-08-01 18:54:10
409,Greencastle,39.6445,-86.8647,83.16,81,75,10.36,US,2022-08-01 18:57:42
410,Alice Springs,-23.7,133.8833,67.55,28,75,11.5,AU,2022-08-01 18:58:11
411,Siguiri,11.6667,-9.5,75.38,89,100,3.09,GN,2022-08-01 18:58:13
412,Pili,13.5833,123.3,75.02,94,100,2.8,PH,2022-08-01 18:58:13
413,Abu Samrah,35.3029,37.1841,83.23,47,0,12.12,SY,2022-08-01 18:58:14
414,Mackay,-21.15,149.2,58.68,92,16,9.62,AU,2022-08-01 18:58:15
415,Masvingo,-20.0637,30.8277,60.01,55,2,9.78,ZW,2022-08-01 18:58:17
416,Lompoc,34.6391,-120.4579,90.79,67,75,9.22,US,2022-08-01 18:59:17
417,Kazachinskoye,57.6953,93.2761,54.68,89,86,5.3,RU,2022-08-01 18:59:18
418,Indore,22.7179,75.8333,73.58,88,20,3.44,IN,2022-08-01 18:59:18
419,Awjilah,29.1081,21.2869,88.61,35,0,16.22,LY,2022-08-01 18:59:19
420,Okhotsk,59.3833,143.3,53.69,96,58,5.17,RU,2022-08-01 18:59:19
421,Bolshoy Lug,52.0779,104.0919,64.58,98,100,4.74,RU,2022-08-01 18:59:20
422,Gumia,23.7833,85.8167,82.18,80,100,1.59,IN,2022-08-01 18:59:21
423,Pasighat,28.0667,95.3333,76.87,96,100,2.59,IN,2022-08-01 18:55:42
424,Pyshchug,58.8873,45.7134,59.92,75,87,4.52,RU,2022-08-01 18:59:22
425,Cabo San Lucas,22.8909,-109.9124,91.62,62,98,3.0,MX,2022-08-01 18:58:42
426,Chapais,49.7834,-74.8492,73.18,42,100,9.98,CA,2022-08-01 18:59:25
427,Huntsville,34.7304,-86.5861,77.83,97,100,4.61,US,2022-08-01 18:59:26
428,Pochutla,15.7432,-96.4661,88.83,57,66,7.49,MX,2022-08-01 18:59:28
429,Stykkisholmur,65.0757,-22.7297,46.54,81,100,14.63,IS,2022-08-01 18:59:28
430,Trincomalee,8.5711,81.2335,80.38,79,100,24.4,LK,2022-08-01 18:59:29
431,Morondava,-20.2833,44.2833,75.34,70,1,9.8,MG,2022-08-01 18:59:30
432,Hauterive,46.0901,3.4459,81.36,49,90,5.88,FR,2022-08-01 18:59:30
433,Ylojarvi,61.5563,23.5961,65.62,73,100,6.91,FI,2022-08-01 18:59:31
434,Cockburn Town,21.4612,-71.1419,82.78,78,0,13.82,TC,2022-08-01 18:59:33
435,Mehamn,71.0357,27.8492,55.35,88,0,2.3,NO,2022-08-01 18:59:34
436,Doka,13.5167,35.7667,68.5,93,100,12.53,SD,2022-08-01 18:59:35
437,Giddarbaha,30.2,74.6667,85.5,75,93,3.13,IN,2022-08-01 18:59:36
438,Coihaique,-45.5752,-72.0662,46.35,49,0,4.61,CL,2022-08-01 18:59:37
439,Altay,47.8667,88.1167,64.71,44,15,6.35,CN,2022-08-01 18:59:38
440,Ulagan,50.6321,87.9563,52.27,90,51,0.94,RU,2022-08-01 18:59:38
441,Portland,45.5234,-122.6762,84.27,59,18,3.87,US,2022-08-01 18:56:12
442,Eregli,37.5133,34.0467,79.03,26,0,5.14,TR,2022-08-01 18:59:40
443,Kungurtug,50.5994,97.5228,54.1,96,77,1.45,RU,2022-08-01 18:59:41
444,Zyuzelskiy,56.4856,60.1331,60.64,95,100,4.43,RU,2022-08-01 18:59:41
445,Alyangula,-13.8483,136.4192,70.86,89,13,7.38,AU,2022-08-01 18:59:42
446,Banjar,-8.19,114.9675,75.74,90,100,2.46,ID,2022-08-01 18:59:43
447,Plainview,40.7765,-73.4673,74.52,81,100,5.75,US,2022-08-01 18:59:44
448,Labytnangi,66.6572,66.4183,53.47,74,55,2.98,RU,2022-08-01 18:59:45
449,Hambantota,6.1241,81.1185,79.14,89,75,11.5,LK,2022-08-01 18:59:47
450,Kalmunai,7.4167,81.8167,79.3,79,100,5.91,LK,2022-08-01 18:59:47
451,Kiunga,-6.1219,141.2906,72.61,100,100,1.61,PG,2022-08-01 18:59:48
452,Palafrugell,41.9174,3.1631,87.42,57,1,3.0,ES,2022-08-01 18:59:48
453,Benghazi,32.1167,20.0667,81.82,75,0,13.71,LY,2022-08-01 18:59:50
454,Arlit,18.7369,7.3853,80.56,61,100,16.44,NE,2022-08-01 18:59:51
455,Bose,45.4612,8.0137,80.64,47,98,3.49,IT,2022-08-01 18:59:51
456,Qazax,41.0933,45.3661,79.07,47,18,4.68,AZ,2022-08-01 18:59:52
457,Englewood,39.6478,-104.9878,95.14,24,63,3.0,US,2022-08-01 18:55:39
458,Aitape,-3.1374,142.3475,77.59,88,87,6.17,PG,2022-08-01 18:59:55
459,Covilha,40.286,-7.504,88.63,32,1,6.55,PT,2022-08-01 18:59:56
460,Nizhnevartovsk,60.9344,76.5531,53.62,71,0,11.18,RU,2022-08-01 18:59:57
461,Kefamenanu,-9.4467,124.4781,69.48,92,99,3.38,ID,2022-08-01 18:59:58
462,Mehran,33.1222,46.1646,100.76,9,0,3.71,IR,2022-08-01 19:00:59
463,Gayny,60.3071,54.3241,56.25,76,36,2.55,RU,2022-08-01 19:01:00
464,Jacareacanga,-6.2222,-57.7528,89.37,49,100,1.59,BR,2022-08-01 19:01:02
465,Kaeo,-35.1,173.7833,42.33,95,100,3.09,NZ,2022-08-01 19:01:05
466,Ostrovnoy,68.0531,39.5131,54.64,91,100,7.49,RU,2022-08-01 19:01:06
467,Dakar,14.6937,-17.4441,84.33,74,40,11.5,SN,2022-08-01 18:58:25
468,Oxelosund,58.6706,17.1015,66.58,63,0,8.05,SE,2022-08-01 19:01:07
469,Svetlaya,46.5389,138.3297,63.1,97,99,6.6,RU,2022-08-01 19:01:08
470,Aiquile,-18.2041,-65.1807,71.65,37,0,8.86,BO,2022-08-01 19:01:09
471,Bardiyah,31.7561,25.0865,79.97,80,0,11.18,LY,2022-08-01 19:01:10
472,Cartagena,10.3997,-75.5144,83.48,74,100,3.09,CO,2022-08-01 19:01:11
473,Baykit,61.67,96.37,49.51,88,88,4.0,RU,2022-08-01 19:01:12
474,Nizwa,22.9333,57.5333,88.86,58,57,4.29,OM,2022-08-01 19:01:13
475,Daru,-9.0763,143.2092,77.16,91,33,9.22,PG,2022-08-01 19:01:14
476,Vestmannaeyjar,63.4427,-20.2734,52.41,66,6,20.45,IS,2022-08-01 19:01:15
477,Ghanzi,-21.5667,21.7833,64.06,18,98,14.79,BW,2022-08-01 19:01:15
478,Pringsewu,-5.3582,104.9744,72.07,97,25,1.12,ID,2022-08-01 19:01:17
479,Yerbogachen,61.2767,108.0108,64.33,78,57,3.71,RU,2022-08-01 19:01:19
480,Richards Bay,-28.783,32.0377,61.14,73,45,4.25,ZA,2022-08-01 19:01:19
481,Batemans Bay,-35.7167,150.1833,51.1,77,80,6.08,AU,2022-08-01 19:00:31
482,Sainte-Rose,16.3324,-61.6979,87.19,70,100,13.8,GP,2022-08-01 19:01:21
483,Kinshasa,-4.3246,15.3215,81.5,45,1,5.73,CD,2022-08-01 19:00:35
484,Havoysund,70.9963,24.6622,48.43,79,0,8.28,NO,2022-08-01 19:01:25
485,Bacum,27.55,-110.0833,96.69,36,0,6.29,MX,2022-08-01 19:01:26
486,Govindgarh,27.5,76.9833,86.07,66,2,6.08,IN,2022-08-01 19:01:27
487,Deltona,28.9005,-81.2637,100.02,45,20,6.91,US,2022-08-01 19:01:28
488,Lahan,26.7296,86.4951,78.89,91,100,2.57,NP,2022-08-01 19:01:29
489,Honningsvag,70.9821,25.9704,47.95,100,100,4.61,NO,2022-08-01 19:01:31
490,Armidale,-30.5167,151.65,41.47,95,18,2.77,AU,2022-08-01 19:01:31
491,Neyshabur,36.2133,58.7958,78.04,36,1,1.74,IR,2022-08-01 19:01:32
492,Urumqi,43.801,87.6005,79.75,34,0,6.71,CN,2022-08-01 19:01:34
493,Kartal,47.6713,19.542,78.67,53,9,6.38,HU,2022-08-01 19:01:35
494,Sembe,1.6481,14.5806,73.67,76,39,2.59,CG,2022-08-01 19:01:35
495,Parabel,58.6978,81.4825,50.25,73,0,7.92,RU,2022-08-01 19:01:37
496,Leningradskiy,69.3833,178.4167,48.49,71,42,5.61,RU,2022-08-01 19:01:37
497,Waycross,31.2136,-82.354,95.25,50,0,8.05,US,2022-08-01 19:01:38
498,Alindao,5.0267,21.2088,70.72,94,99,1.23,CF,2022-08-01 19:01:39
499,Mangit,40.5971,70.9607,83.66,25,100,10.13,UZ,2022-08-01 19:01:40
500,Monrovia,6.3005,-10.7969,73.17,90,100,13.98,LR,2022-08-01 18:58:28
501,Camacha,33.0833,-16.3333,69.22,73,40,14.97,PT,2022-08-01 19:01:42
502,Bhinga,27.7167,81.9333,79.72,88,91,3.11,IN,2022-08-01 19:01:43
503,Hobyo,5.3505,48.5268,76.17,78,0,27.67,SO,2022-08-01 19:01:44
504,Pangody,65.85,74.4859,50.5,71,2,7.58,RU,2022-08-01 19:01:44
505,Morros,-9.4467,-46.3003,95.27,19,6,6.82,BR,2022-08-01 19:01:45
506,Gunjur,13.2019,-16.7339,82.47,74,75,8.05,GM,2022-08-01 19:01:45
507,Shingu,33.7333,135.9833,76.77,89,100,6.22,JP,2022-08-01 19:01:46
508,Chengde,40.9725,117.9361,72.36,93,0,0.11,CN,2022-08-01 19:01:47
509,Shitanjing,39.2342,106.3439,75.47,62,11,4.88,CN,2022-08-01 19:01:48
510,Finnsnes,69.2296,17.9811,69.76,67,37,6.29,NO,2022-08-01 19:02:49
511,La Paz,-16.5,-68.15,60.1,27,14,2.3,BO,2022-08-01 19:00:03
512,Cotonou,6.3654,2.4183,75.69,80,44,15.66,BJ,2022-08-01 19:02:51
513,Blyth,55.1271,-1.5086,67.46,67,75,6.91,GB,2022-08-01 19:02:52
514,Port Hedland,-20.3167,118.5667,71.65,94,40,6.91,AU,2022-08-01 19:02:54
515,Alofi,-19.0595,-169.9187,67.89,100,40,2.3,NU,2022-08-01 19:02:55
516,Partenit,44.578,34.3446,75.49,78,10,5.06,UA,2022-08-01 19:02:56
517,Coromandel,-18.4733,-47.2003,81.16,29,91,5.23,BR,2022-08-01 19:02:58
518,Sinegorye,62.0788,150.477,53.28,89,100,6.42,RU,2022-08-01 19:03:00
519,Caala,-12.8525,15.5606,61.57,36,1,6.15,AO,2022-08-01 19:03:01
520,Intipuca,13.1969,-88.0544,94.89,40,25,7.07,SV,2022-08-01 19:03:02
521,Boli,45.7667,130.5167,69.3,94,39,3.4,CN,2022-08-01 19:03:03
522,Ludwigslust,53.3167,11.5,69.82,49,100,5.61,DE,2022-08-01 19:03:04
523,Biltine,14.5333,20.9167,75.36,72,60,3.38,TD,2022-08-01 19:03:05
524,Whittlesea,-32.1759,26.8244,46.47,33,72,1.77,ZA,2022-08-01 19:03:06
525,Cooma,-36.2333,149.1333,36.54,89,96,5.46,AU,2022-08-01 19:03:06
526,Verkhoyansk,67.5447,133.385,57.25,91,100,6.11,RU,2022-08-01 19:03:07
527,Miles City,46.4083,-105.8406,99.93,10,0,21.65,US,2022-08-01 18:58:24
528,Parana,-31.732,-60.5238,74.55,44,90,8.1,AR,2022-08-01 19:03:08
529,Mount Gambier,-37.8333,140.7667,48.11,93,75,10.36,AU,2022-08-01 19:03:08
530,Vostok,46.4856,135.8833,64.8,95,100,3.58,RU,2022-08-01 19:03:09
531,Mirnyy,62.5353,113.9611,57.02,97,15,4.34,RU,2022-08-01 19:03:10
532,Tay Ninh,11.3,106.1,78.15,91,100,4.05,VN,2022-08-01 18:58:20
533,Nantucket,41.2835,-70.0995,75.09,78,100,9.22,US,2022-08-01 19:03:12
534,Kaihua,23.3687,104.28,64.87,97,92,5.26,CN,2022-08-01 19:03:13
535,Impfondo,1.6381,18.0667,76.51,68,74,1.3,CG,2022-08-01 19:03:14
536,Graaff-Reinet,-32.2522,24.5308,53.62,34,100,0.49,ZA,2022-08-01 19:03:16
537,Oranjemund,-28.55,16.4333,60.96,62,100,3.47,NA,2022-08-01 18:59:39
538,Roma,43.2128,-75.4557,86.67,49,40,6.91,US,2022-08-01 19:03:17
539,Half Moon Bay,37.4636,-122.4286,78.04,81,20,11.5,US,2022-08-01 19:03:08
540,Kloulklubed,7.0419,134.2556,73.9,80,100,9.53,PW,2022-08-01 19:03:22
541,Anzhero-Sudzhensk,56.081,86.0285,50.54,96,100,4.25,RU,2022-08-01 19:03:22
542,Porto Recanati,43.4365,13.6613,86.05,36,0,4.99,IT,2022-08-01 19:03:23
543,Korla,41.7597,86.1469,73.78,55,100,19.86,CN,2022-08-01 19:03:24
544,Mastic Beach,40.7668,-72.8521,74.1,90,100,4.0,US,2022-08-01 19:03:25
545,Colquechaca,-18.6667,-66.0167,49.33,26,4,6.42,BO,2022-08-01 19:03:25
546,Cabra,37.4725,-4.4421,91.94,25,0,10.58,ES,2022-08-01 19:03:26
547,Marfino,55.7028,37.3822,69.94,48,0,6.71,RU,2022-08-01 19:03:27
548,Baruun-Urt,46.6806,113.2792,64.06,77,76,4.47,MN,2022-08-01 19:03:29
549,Hurghada,27.2574,33.8129,89.76,33,11,12.86,EG,2022-08-01 19:03:30
550,Vila,42.0304,-8.1588,77.88,35,0,4.18,PT,2022-08-01 19:03:31
551,Ancud,-41.8697,-73.8203,47.23,66,100,2.59,CL,2022-08-01 19:03:32
552,Fairbanks,64.8378,-147.7164,67.23,72,75,8.05,US,2022-08-01 19:03:33
553,Tombouctou,20.0,-3.0,106.23,13,18,6.78,ML,2022-08-01 19:03:34
554,Lazaro Cardenas,17.9583,-102.2,88.63,60,17,7.92,MX,2022-08-01 18:58:59
555,Araguaina,-7.1911,-48.2072,97.18,23,94,6.98,BR,2022-08-01 19:00:11
556,Hayrabolu,41.2131,27.1069,78.93,36,0,9.93,TR,2022-08-01 19:03:37
557,Bani,18.2833,-70.3333,92.64,48,77,15.86,DO,2022-08-01 19:03:37
558,Raudeberg,61.9875,5.1352,55.96,74,100,16.15,NO,2022-08-01 19:03:38
559,Neiafu,-18.65,-173.9833,78.46,78,100,16.62,TO,2022-08-01 19:01:19
560,Leer,53.2316,7.461,62.01,75,0,6.4,DE,2022-08-01 19:04:40
561,Hermiston,45.8404,-119.2895,88.45,35,20,8.05,US,2022-08-01 19:01:36
562,Tongliao,43.6125,122.2653,75.04,91,8,7.31,CN,2022-08-01 19:04:41
563,Zvishavane,-20.3267,30.0665,56.75,79,9,6.11,ZW,2022-08-01 19:04:42
564,Alugan,12.2188,125.4808,79.27,84,100,4.14,PH,2022-08-01 19:04:43
565,Limbdi,22.5667,71.8,82.74,73,100,12.93,IN,2022-08-01 19:04:43
566,Santa Maria,-29.6842,-53.8069,66.99,62,24,2.57,BR,2022-08-01 19:03:07
567,Bowen,-20.0167,148.2333,62.69,91,5,7.85,AU,2022-08-01 19:04:45
568,Ziarat,30.3823,67.7282,63.63,78,45,5.53,PK,2022-08-01 19:04:46
569,Sao Joao Evangelista,-18.5478,-42.7633,78.58,40,12,4.61,BR,2022-08-01 19:04:47
570,Tura,25.5198,90.2201,73.49,97,99,3.58,IN,2022-08-01 19:04:47
571,Honiara,-9.4333,159.95,76.44,83,12,6.06,SB,2022-08-01 19:04:48
572,Norrtalje,59.758,18.705,68.18,64,100,6.49,SE,2022-08-01 19:01:56
573,Aripuana,-9.1667,-60.6333,98.29,24,99,2.64,BR,2022-08-01 19:04:49
574,Vryburg,-26.9566,24.7284,58.69,47,75,9.91,ZA,2022-08-01 19:04:50
575,Severomuysk,56.1481,113.4267,48.42,93,20,2.86,RU,2022-08-01 19:04:51
576,Koslan,63.4564,48.8989,56.98,90,2,3.65,RU,2022-08-01 19:04:52
577,Dutse,11.7594,9.3392,81.39,62,84,12.15,NG,2022-08-01 19:04:53
578,Saint-Francois,46.4154,3.9054,80.04,44,0,6.91,FR,2022-08-01 19:04:53
579,Ballina,-28.8667,153.5667,58.01,93,42,7.61,AU,2022-08-01 19:02:11
